{
  "metadata": {
    "name": "Mê Truyện CV",
    "author": "springpeachvinh",
    "version": 3,
    "source": "https://metruyencv.xyz",
    "regexp": "(www.)?(metruyenchu|mtccv|metruyencv).[a-z]+/truyen/[a-zA-Z0-9-]+/?$",
    "description": "Đọc truyện trên trang Mê Truyện CV",
    "locale": "vi_VN",
    "language": "javascript",
    "type": "novel"
  },
  "script": {
    "book": "book.js",
    "detail": "detail.js",
    "toc": "toc.js",
    "chap": "chap.js",
    "home": "home.js",
    "genre": "genre.js",
    "search": "search.js"
  }
}
